OPERACION;PLACA;PESO VACÍO MÍNIMO (kg);PESO VACÍO MÁXIMO (kg);PESO LLENO MÍNIMO (kg);PESO LLENO MÁXIMO (kg)
3r;VES162;2000;2210;3000;10000
Alpina;ESY236;9223;12083;31743;33743
Alpina;SNU031;9223;12083;32540;34540
Alpina;SRM179;8700;12040;15510;25235
Alpina;SRO179;9395;11395;18810;20810
Alpina;SZM910;9715;11830;11225;14095
Alpina;UZN152;9080;13065;13240;23985
AlqueríA Cv;DGX311;11540;13540;29700;31700
AlqueríA Cv;EXZ586;8414;10797;3150;10000
AlqueríA Cv;GTX311;11140;13140;30120;32120
AlqueríA Cv;GUU346;4040;6220;3000;13350
AlqueríA Cv;JUZ736;9500;13060;13000;26120
AlqueríA Cv;JVM408;4120;6340;3000;13560
AlqueríA Cv;NUY885;3860;5960;3000;13680
AlqueríA Cv;TGX311;10230;13100;11520;31430
AlqueríA Cv;TLY199;8414;10797;6000;10000
AlqueríA Cv;WDB048;10590;13100;20479;29250
AlqueríA Cv;WDB408;8414;10797;12064;20570
AlqueríA Cv;WOB048;10710;12710;19910;21910
Ayura;SRM179;8700;11100;12280;21680
Ayura;SRO051;8500;11150;3000;21170
Ayura;SUE326;8590;11500;16490;22320
Ayura;SZM910;8600;11500;4850;21650
Ayura;SZN331;9200;11200;18890;21800
Ayura;TLY120;8600;11500;18030;21490
Ayura;UZN152;8600;11300;18100;21700
Bavaria;IAI509;6500;8500;14100;16100
Bavaria;OAI509;6200;13100;10910;28310
Bavaria;SOM930;10960;12960;27100;29100
Bavaria;SPM930;10260;13450;22700;29700
Bavaria;WOW100;5480;8810;13100;18240
Bavaria;WOW101;11330;16030;25570;29710
Bavaria;XGD873;10260;13750;24120;29740
Brinsa;LUL471;3790;10580;7800;14320
Brinsa;NNZ737;11990;13990;21180;23180
Brinsa;SRO051;8700;10700;13580;26130
Brinsa;SZM910;9570;13150;25870;28740
Brinsa;THS133;10880;12880;13850;15850
Brinsa;TSV298;10910;12910;26550;28550
Brinsa Captacion Secos;SKZ763;1000;10000;15000;30000
Brinsa Captacion Secos;SRO051;1000;10000;15000;30000
Brinsa Captacion Secos;SPJ220;1000;10000;15000;30000
Brinsa Captacion Secos;TSV010;1000;10000;15000;30000
Brinsa Captacion Secos;SPJ220;1000;10000;15000;30000
Brinsa Captacion Secos;TSV010;1000;10000;15000;30000
Brinsa Captacion Humedos;SKZ763;1000;10000;15000;30000
Brinsa Captacion Humedos;SRO051;1000;10000;15000;30000
Brinsa Captacion Humedos;SPJ220;1000;10000;15000;30000
Brinsa Captacion Humedos;TSV010;1000;10000;15000;30000
Brinsa Captacion Humedos;SPJ220;1000;10000;15000;30000
Brinsa Captacion Humedos;TSV010;1000;10000;15000;30000
Emsertenjo;ODT435;12400;14400;17970;19970
Emsertenjo;ODT436;13000;15000;18600;20600
Epc;GXX432;13200;15200;23310;25310
Epc;GXX832;4900;6900;3000;11610
Epc;NSX512;13000;15000;3000;33010
Epc;OJG780;12850;14850;3000;30830
Epc;OJG781;13350;15350;24120;29130
Epc;OJX878;13200;15200;3000;29400
Epc;OKG781;13350;15350;22910;24910
Epc;OKZ457;13700;15700;3000;29760
Epc;PPQ;12465;14465;6619;25415
Epc;PPQ285;13300;15300;3000;31670
Epc;SNX512;12465;14465;3000;10000
Epc;TLN390;13000;15000;24700;26700
Epc;TLZ382;12730;14730;3000;28560
Epc;TLZ390;13000;15000;3000;28510
Epz;GRU183;9150;11690;13430;22370
Epz;NSY905;7000;9000;14870;16870
Epz;ODT269;8083;10263;13603;18030
Epz;OLM704;8100;10100;12510;14850
Epz;OLM705;8083;10263;13603;18030
Familia;SKX914;3850;5850;12470;17300
Familia;SKZ903;3850;5850;12480;17690
Familia;SNQ281;3850;5850;12370;16830
Familia;SPV660;3850;5850;12420;16820
Familia;SZN222;10250;12250;13690;27640
Familia;SZN365;11000;13000;13050;27810
Familia;TAV245;2000;1001;11500;16420
Familia;TAY133;3850;5850;13180;17500
Familia;TBZ883;3850;5850;12360;17610
Familia;TDS941;2000;1001;12930;18030
Familia;TDW244;3850;5850;13120;17480
Familia;TFQ294;2000;2000;13370;17290
Familia;TFQ302;3850;5850;12770;17060
Familia;THX432;3850;5850;12640;16770
Familia;TLZ016;3850;5850;13410;17910
Familia;WDK276;3850;5850;12890;17400
Funredcol;PMX490;9190;11190;16980;18980
Funredcol;SRO051;8500;10850;3000;21060
Funredcol;SZM910;9150;11150;3000;23140
Funredcol;UZN152;9440;11440;17740;19740
Mc Cain;SOR051;8650;10650;22150;24150
Mc Cain;SRO015;8500;10500;17260;19260
Mc Cain;SRO051;3980;19990;6800;25750
Mc Cain;SZM910;9190;11200;20480;23530
Peldar;AAR622;2000;1420;3000;10000
Peldar;SIT241;6890;8890;9630;11630
Peldar;SRM179;9170;11170;22490;24490
Peldar;SRO051;8510;10560;26740;28810
Peldar;SRO179;9170;11170;30750;32750
Peldar;SZM910;9100;11270;20850;31020
Peldar;UZN152;9350;11740;20030;28210
Pomar;GUU346;3600;6920;10490;14240
Pomar;JUM408;4910;6910;11570;13570
Pomar;JUU346;3960;5960;11100;13100
Pomar;JVM408;3880;6430;10770;13480
Pomar;NUY885;3380;7080;9720;13650
Pomar;WZH510;6960;8960;15590;17590
Pomar Horti;LLR352;14200;16500;43400;46300
Pomar Horti;NOX889;10340;12340;21650;23650
Pomar Horti;NOX899;8950;14150;19140;24190
Pomar Horti;PMX490;9310;12650;17990;24430
Pomar Horti;PSY164;14150;17950;15760;21740
Pomar Horti;TGX311;10980;13170;29080;31740
Pomar Horti;WOW100;5500;7500;10720;16530
Prodensa;KSK461;8206;10968;3000;10000
Prodensa - Kassani;KSK461;8206;10968;3000;10000
Prodensa - Kassani;SAK746;8206;10968;3000;10000
Prodensa - Toptex;SEM001;10320;12320;12220;14220
Prodensa - Toptex;SRM001;10320;12320;12800;24420
Prodensa - Toptex;TBZ883;10320;12320;12088;16692
Prodensa - Toptex;THS133;10320;12320;12300;14780
Prodensa - Toptex;TSV298;10320;12320;11900;15260
Prodensa - Toptex;TVD122;10320;12320;11220;14780
Reciclene;SRO051;8206;10968;14740;16740
Reciclene;SZM910;8206;10968;11390;17100
Reciclene;UZN152;8206;10968;11290;13290
Recreo;PMX490;9540;11540;22010;24010
Recreo;TGX311;11140;13270;29790;31890
Recreo;USE707;11730;31120;12150;31220
Samsa - Ducto;NNZ737;11930;14120;20610;30250
Samsa - Ducto;TLN642;2700;5000;3000;10000
Samsa - Ducto;WDE049;8300;10300;11260;13260
Samsa - Finca;JIB822;6180;12960;12120;17730
Samsa - Industria Nacional;NNZ737;11700;14060;8820;24880
Samsa - Industria Nacional;TLN642;2730;14040;3000;30250
Samsa - Industria Nacional;TLN652;7215;14050;3000;10000
Samsa - Pomar;TLN542;2720;4720;8450;10450
Samsa - Pomar;TLN642;2680;4750;5550;11240
Samsa - Softys;FSU543;14940;16940;23770;25770
Softys;SMO346;2000;13330;18630;33310
Softys;SXX278;2000;13320;18020;32050
Softys;SZN239;9210;11310;15990;29600
Softys;TLY840;10810;13040;26770;33620
Softys;USD002;9340;11560;14270;30280
Softys;XIJ438;5670;7720;8140;11750
Ubaser;AAR622;2000;1420;3000;10000
Zasiago-La Ratonera;TGX311;8206;10968;15770;17770
Zasiago-La Ratonera;WOW100;8206;10968;15770;17770
frigorifico;KUN111;8206;10968;14011;21317
frigorifico;SKN869;8206;10968;14011;21317
frigorifico;SLE889;8206;10968;14011;21317
frigorifico;SMH708;8206;10968;14011;21317
